thetas,means,stds
"0.27687500000000004,0.02742912120559163,-0.07102203382528559,-0.10835408283290926,0.05608975558331181,0.13772080234325798,-0.00615559310160238,-0.002902503619312486,-0.056393654819000466,0.4140473998497169,-0.02147787257391121","39.79713089016475,1.1410195296768044,3.153909673286355,-224.58991486346417,495.74797005915786,2.963094615116594,1030.0969463871304,5.95037299278009,-243.3744090125,21.9580125","514.904736429893,5.163925073157659,4.103030881423507,480.8423325139229,105.08265387187238,4.364496027131785,43.63982882393576,3.117210254470139,8.780894559533115,97.60108742375692"
"0.18812499999999988,-0.15936846028226473,-0.06785148725294206,-0.14151764178278559,-0.015764256995070693,-0.05403524982813333,0.014267082011216048,0.05786318198071507,0.038177315042939725,-0.12247953987765492,0.010668757256839039","39.79713089016475,1.1410195296768044,3.153909673286355,-224.58991486346417,495.74797005915786,2.963094615116594,1030.0969463871304,5.95037299278009,-243.3744090125,21.9580125","514.904736429893,5.163925073157659,4.103030881423507,480.8423325139229,105.08265387187238,4.364496027131785,43.63982882393576,3.117210254470139,8.780894559533115,97.60108742375692"
"0.2043749999999998,-0.029177893877298973,-0.177731313128765,0.103468718435869,0.011681303925629856,0.055841591434097206,0.04621389981487561,-0.014634582028723411,-0.05414015076460106,-0.10028628412437866,0.21080214629129207","39.79713089016475,1.1410195296768044,3.153909673286355,-224.58991486346417,495.74797005915786,2.963094615116594,1030.0969463871304,5.95037299278009,-243.3744090125,21.9580125","514.904736429893,5.163925073157659,4.103030881423507,480.8423325139229,105.08265387187238,4.364496027131785,43.63982882393576,3.117210254470139,8.780894559533115,97.60108742375692"
"0.33062499999999956,0.20704887232293484,0.18654870164322926,0.08113401808040245,-0.07283149877710579,-0.0901024560670606,0.11492147211410321,0.0970007692822895,-0.037356999737448174,-0.12176828306295658,-0.028921706387881965","39.79713089016475,1.1410195296768044,3.153909673286355,-224.58991486346417,495.74797005915786,2.963094615116594,1030.0969463871304,5.95037299278009,-243.3744090125,21.9580125","514.904736429893,5.163925073157659,4.103030881423507,480.8423325139229,105.08265387187238,4.364496027131785,43.63982882393576,3.117210254470139,8.780894559533115,97.60108742375692"
