thetas,means,stds
"0.2806913666440648,0.07122474168534004,-0.11764562826113566,-0.239007078544349,0.19084195833984682,0.40937862359379107,0.4907886080841884,0.3846658756176147,-0.267424178035313,0.032622389937350206,0.4024792239237358","46.47644878930413,1.1894574337480681,3.2138305355715433,-222.90366613760273,496.25145678798293,2.9785934977751416,1029.8628682296342,5.961275574309777,-243.32572261390885,23.10900879296563","520.7378397588482,5.221048988963306,4.109348155784136,484.79197196623926,106.6679516958207,4.455181302981808,43.965294664949816,3.1016776977845515,8.78689141622786,97.71593824953192"
"0.17912067721873925,-0.15805634001455873,-0.16905417979547555,-0.1614884858949436,0.16327326635312217,-0.16071626201038935,0.22449379137216022,0.23563893687434748,-0.013612641346596635,-0.22035720406096185,0.3827433067541167","46.47644878930413,1.1894574337480681,3.2138305355715433,-222.90366613760273,496.25145678798293,2.9785934977751416,1029.8628682296342,5.961275574309777,-243.32572261390885,23.10900879296563","520.7378397588482,5.221048988963306,4.109348155784136,484.79197196623926,106.6679516958207,4.455181302981808,43.965294664949816,3.1016776977845515,8.78689141622786,97.71593824953192"
"0.20883457038562908,0.1640804269100338,-0.25026155474825834,-0.11327984589901903,0.06945515440098925,0.33000674528712276,0.3854632385753597,0.19878169327168077,-0.23208053264510126,-0.20634189508044568,0.3883095322204989","46.47644878930413,1.1894574337480681,3.2138305355715433,-222.90366613760273,496.25145678798293,2.9785934977751416,1029.8628682296342,5.961275574309777,-243.32572261390885,23.10900879296563","520.7378397588482,5.221048988963306,4.109348155784136,484.79197196623926,106.6679516958207,4.455181302981808,43.965294664949816,3.1016776977845515,8.78689141622786,97.71593824953192"
"0.3316875347559739,0.3515033240627986,-0.2120089907846252,-0.04090354352017957,0.09628543917199678,-0.046896720718362206,0.645590523365571,0.5262075676884571,-0.3151099708980728,-0.10847532423205736,0.546154311700127","46.47644878930413,1.1894574337480681,3.2138305355715433,-222.90366613760273,496.25145678798293,2.9785934977751416,1029.8628682296342,5.961275574309777,-243.32572261390885,23.10900879296563","520.7378397588482,5.221048988963306,4.109348155784136,484.79197196623926,106.6679516958207,4.455181302981808,43.965294664949816,3.1016776977845515,8.78689141622786,97.71593824953192"
